{"score": {"AUC": 0.7455415045395591, "AUPRC": 0.16686180263908215, "Net Benefit": 0.031693832809074445, "ECE": 0.02411710037174721, "F1": 0.11898016997167139, "Sensitivity": 0.875, "Specificity": 0.40077821011673154, "Parsimony Score": 0.3088, "Inference Time": 0.000482, "threshold_used": 0.012658227848101266, "tp": 21, "fp": 308, "fn": 3, "tn": 206, "weighted_score": -0.1281, "scaled_weighted_score": -0.0651}, "completion_time": "2025-07-04T06:12:13Z"}